{"cameraMode":{"drawMode":0,"name":"Shaded","section":"Shading Mode"},"sceneLighting":false,"audioPlay":false,"sceneViewState":{"m_AlwaysRefresh":true,"showFog":true,"showSkybox":false,"showFlares":true,"showImageEffects":true,"showParticleSystems":true,"showVisualEffectGraphs":true,"m_FxEnabled":true},"in2DMode":false,"pivot":{"x":0.00700002908706665,"y":-0.7599999904632568,"z":15.390000343322754},"rotation":{"x":0.20888517796993257,"y":-0.11031357198953629,"z":0.023725517094135286,"w":0.9714117050170898},"size":1.4099864959716797,"orthographic":false}