{"cameraMode":{"drawMode":0,"name":"Shaded","section":"Shading Mode"},"sceneLighting":true,"audioPlay":false,"sceneViewState":{"m_AlwaysRefresh":true,"showFog":true,"showSkybox":true,"showFlares":true,"showImageEffects":true,"showParticleSystems":true,"showVisualEffectGraphs":true,"m_FxEnabled":true},"in2DMode":false,"pivot":{"x":0.4145364463329315,"y":-4.902119159698486,"z":30.477962493896486},"rotation":{"x":0.18609781563282014,"y":0.02915276400744915,"z":0.0006262766546569765,"w":0.98210608959198},"size":25.155677795410158,"orthographic":false}