{"cameraMode":{"drawMode":0,"name":"Shaded","section":"Shading Mode"},"sceneLighting":true,"audioPlay":false,"sceneViewState":{"m_AlwaysRefresh":true,"showFog":true,"showSkybox":true,"showFlares":true,"showImageEffects":true,"showParticleSystems":true,"showVisualEffectGraphs":true,"m_FxEnabled":true},"in2DMode":false,"pivot":{"x":0.005113629158586264,"y":0.20567817986011506,"z":15.216410636901856},"rotation":{"x":0.20215073227882386,"y":0.06437309831380844,"z":-0.007135313935577869,"w":0.977218508720398},"size":0.6009517312049866,"orthographic":false}